[
  {
    "id": "0bb6fbdf-bcd2-4745-aa8a-f11109972211",
    "data": [
      {
        "text": "good morning",
        "userDefined": false
      }
    ],
    "isTemplate": false,
    "count": 0,
    "updated": 1532576022
  },
  {
    "id": "75158ebe-9d3f-49db-ab9e-37e9277db52f",
    "data": [
      {
        "text": "hi there",
        "userDefined": false
      }
    ],
    "isTemplate": false,
    "count": 1,
    "updated": 1532572329
  },
  {
    "id": "55f8c9a2-478f-4335-94f1-d8ce59000345",
    "data": [
      {
        "text": "hey",
        "userDefined": false
      }
    ],
    "isTemplate": false,
    "count": 0,
    "updated": 1532572329
  },
  {
    "id": "ff26d868-b541-4a83-99d8-a90d6733091a",
    "data": [
      {
        "text": "hello",
        "userDefined": false
      }
    ],
    "isTemplate": false,
    "count": 0,
    "updated": 1532572329
  },
  {
    "id": "128935b5-28ad-4394-bbcb-4fe2fdfbc5d4",
    "data": [
      {
        "text": "hi",
        "userDefined": false
      }
    ],
    "isTemplate": false,
    "count": 0,
    "updated": 1532572329
  },
  {
    "id": "a119fc1b-dbf2-4317-aad1-e6eb07f81785",
    "data": [
      {
        "text": "hello there",
        "userDefined": false
      }
    ],
    "isTemplate": false,
    "count": 0,
    "updated": 1532572329
  }
]