[
  {
    "id": "df97a82a-c3f3-49f2-9ca2-ecb0ad547308",
    "data": [
      {
        "text": "what is my ",
        "userDefined": false
      },
      {
        "text": "email",
        "alias": "NewEmployee",
        "meta": "@NewEmployee",
        "userDefined": false
      },
      {
        "text": " id",
        "userDefined": false
      }
    ],
    "isTemplate": false,
    "count": 0,
    "updated": 1532671687
  },
  {
    "id": "63296340-4828-4806-9712-4fac21051394",
    "data": [
      {
        "text": "what is my mail id",
        "userDefined": false
      }
    ],
    "isTemplate": false,
    "count": 0,
    "updated": 1532671687
  },
  {
    "id": "1d8599d9-37fd-46ea-9a8c-c263059adf0c",
    "data": [
      {
        "text": "Where to access ",
        "userDefined": false
      },
      {
        "text": "email",
        "alias": "NewEmployee",
        "meta": "@NewEmployee",
        "userDefined": false
      },
      {
        "text": " ?",
        "userDefined": false
      }
    ],
    "isTemplate": false,
    "count": 0,
    "updated": 1532671687
  },
  {
    "id": "1cdd04ce-93e7-4687-8ab7-bafebe734ba8",
    "data": [
      {
        "text": "how do i install outlook",
        "userDefined": false
      }
    ],
    "isTemplate": false,
    "count": 0,
    "updated": 1532671687
  },
  {
    "id": "f5962108-eb91-4dd8-8378-f8324f62f9a0",
    "data": [
      {
        "text": "How can i access ",
        "userDefined": false
      },
      {
        "text": "email",
        "alias": "NewEmployee",
        "meta": "@NewEmployee",
        "userDefined": false
      },
      {
        "text": " ?",
        "userDefined": false
      }
    ],
    "isTemplate": false,
    "count": 0,
    "updated": 1532671687
  },
  {
    "id": "e9341839-d203-41cd-a7ed-95300f3bf03d",
    "data": [
      {
        "text": "how to use ",
        "userDefined": false
      },
      {
        "text": "email",
        "alias": "NewEmployee",
        "meta": "@NewEmployee",
        "userDefined": false
      },
      {
        "text": " ?",
        "userDefined": false
      }
    ],
    "isTemplate": false,
    "count": 0,
    "updated": 1532671687
  },
  {
    "id": "34c1f9fa-3156-47b8-8f85-4fcc686d17da",
    "data": [
      {
        "text": "How can I login to my ",
        "userDefined": false
      },
      {
        "text": "email",
        "alias": "NewEmployee",
        "meta": "@NewEmployee",
        "userDefined": false
      },
      {
        "text": " ?",
        "userDefined": false
      }
    ],
    "isTemplate": false,
    "count": 0,
    "updated": 1532671687
  }
]