[
  {
    "id": "d18c63ed-c276-4a9e-ad71-95047611571c",
    "data": [
      {
        "text": "ज़रूर",
        "userDefined": true
      }
    ],
    "isTemplate": false,
    "count": 0,
    "updated": 1518218837
  },
  {
    "id": "d5eeca93-21b6-4fca-b7ad-b73a444bb275",
    "data": [
      {
        "text": "यह सही है!",
        "userDefined": true
      }
    ],
    "isTemplate": false,
    "count": 0,
    "updated": 1518218837
  },
  {
    "id": "06a86d12-e6cd-4ff1-98de-02e98fa3a133",
    "data": [
      {
        "text": "मुझे फ़र्क नहीं पड़ता",
        "userDefined": true
      }
    ],
    "isTemplate": false,
    "count": 0,
    "updated": 1518218837
  },
  {
    "id": "611c8847-0761-4cff-9b60-eb32eb4b35f4",
    "data": [
      {
        "text": "हाँ",
        "userDefined": true
      }
    ],
    "isTemplate": false,
    "count": 0,
    "updated": 1518218837
  },
  {
    "id": "fd64a4dc-bdaa-4ba5-add1-0f42351cefa8",
    "data": [
      {
        "text": "अच्छा लग रहा है",
        "userDefined": true
      }
    ],
    "isTemplate": false,
    "count": 0,
    "updated": 1518218837
  },
  {
    "id": "f5a8a5ab-4522-417f-a8c3-2d2aabb1eae9",
    "data": [
      {
        "text": "मैं सहमत हूँ",
        "userDefined": true
      }
    ],
    "isTemplate": false,
    "count": 0,
    "updated": 1518218837
  },
  {
    "id": "8ae1d0b8-d7f5-49db-b5ba-d23ee4c85eb1",
    "data": [
      {
        "text": "बेशक",
        "userDefined": true
      }
    ],
    "isTemplate": false,
    "count": 0,
    "updated": 1518218837
  },
  {
    "id": "e064fc32-43d8-4dd4-ab32-a30fd985d49f",
    "data": [
      {
        "text": "अभी करो",
        "userDefined": true
      }
    ],
    "isTemplate": false,
    "count": 0,
    "updated": 1518218837
  },
  {
    "id": "d6f795ba-4653-4a23-9099-a2a6304ba1cf",
    "data": [
      {
        "text": "बिलकुल",
        "userDefined": true
      }
    ],
    "isTemplate": false,
    "count": 0,
    "updated": 1518218837
  },
  {
    "id": "91e77a50-26a1-4c7f-8d35-84ae3c797628",
    "data": [
      {
        "text": "पक्का ना",
        "userDefined": false
      }
    ],
    "isTemplate": false,
    "count": 0,
    "updated": 1518218837
  }
]