[
  {
    "id": "044a7d25-485d-405e-a0b2-098e4891b091",
    "data": [
      {
        "text": "She is a ",
        "userDefined": false
      },
      {
        "text": "GPM",
        "alias": "Role",
        "meta": "@Role",
        "userDefined": false
      }
    ],
    "isTemplate": false,
    "count": 0,
    "updated": 1532581338
  },
  {
    "id": "5732303d-514e-4bd8-ada8-646387d1c0f0",
    "data": [
      {
        "text": "He will be a ",
        "userDefined": false
      },
      {
        "text": "BA",
        "alias": "Role",
        "meta": "@Role",
        "userDefined": false
      }
    ],
    "isTemplate": false,
    "count": 0,
    "updated": 1532581338
  },
  {
    "id": "c2569d8d-b1f9-4040-8b5d-6bb9f341c08b",
    "data": [
      {
        "text": "She is joining as ",
        "userDefined": false
      },
      {
        "text": "PM",
        "alias": "Role",
        "meta": "@Role",
        "userDefined": false
      }
    ],
    "isTemplate": false,
    "count": 0,
    "updated": 1532581338
  },
  {
    "id": "673d99ce-2ee8-495e-a87f-0077aee06493",
    "data": [
      {
        "text": "His ",
        "userDefined": false
      },
      {
        "text": "role",
        "alias": "NewEmployee",
        "meta": "@NewEmployee",
        "userDefined": false
      },
      {
        "text": " is ",
        "userDefined": false
      },
      {
        "text": "Architect",
        "alias": "Role",
        "meta": "@Role",
        "userDefined": false
      }
    ],
    "isTemplate": false,
    "count": 0,
    "updated": 1532580414
  }
]