[
  {
    "id": "e49aab76-d97c-4b30-8e5c-8b88f5cdec6a",
    "data": [
      {
        "text": "Its ",
        "userDefined": false
      },
      {
        "text": "Peppa",
        "alias": "given-name",
        "meta": "@sys.given-name",
        "userDefined": true
      }
    ],
    "isTemplate": false,
    "count": 0,
    "updated": 1532594444
  },
  {
    "id": "0a9a72ee-a340-4a1c-bdf5-5272a8e92653",
    "data": [
      {
        "text": "Its ",
        "userDefined": false
      },
      {
        "text": "David",
        "alias": "given-name",
        "meta": "@sys.given-name",
        "userDefined": false
      },
      {
        "text": " ",
        "userDefined": false
      },
      {
        "text": "Ruscoe",
        "alias": "last-name",
        "meta": "@sys.last-name",
        "userDefined": true
      }
    ],
    "isTemplate": false,
    "count": 0,
    "updated": 1532594444
  },
  {
    "id": "dfbbaec4-5079-458e-ae9b-04e879f5c7fc",
    "data": [
      {
        "text": "Susan",
        "alias": "given-name",
        "meta": "@sys.given-name",
        "userDefined": false
      },
      {
        "text": " ",
        "userDefined": false
      },
      {
        "text": "Cole",
        "alias": "last-name",
        "meta": "@sys.last-name",
        "userDefined": false
      }
    ],
    "isTemplate": false,
    "count": 0,
    "updated": 1532594444
  },
  {
    "id": "02ae4dbf-6767-44fe-b8f2-e71429acd261",
    "data": [
      {
        "text": "Her Name is ",
        "userDefined": false
      },
      {
        "text": "Stella",
        "alias": "given-name",
        "meta": "@sys.given-name",
        "userDefined": false
      },
      {
        "text": " ",
        "userDefined": false
      },
      {
        "text": "Mark",
        "alias": "last-name",
        "meta": "@sys.last-name",
        "userDefined": true
      }
    ],
    "isTemplate": false,
    "count": 0,
    "updated": 1532594444
  },
  {
    "id": "7e6b3101-b876-4fd4-84d4-fe1443620def",
    "data": [
      {
        "text": "His name is ",
        "userDefined": false
      },
      {
        "text": "John",
        "alias": "given-name",
        "meta": "@sys.given-name",
        "userDefined": false
      },
      {
        "text": " ",
        "userDefined": false
      },
      {
        "text": "Doe",
        "alias": "last-name",
        "meta": "@sys.last-name",
        "userDefined": true
      }
    ],
    "isTemplate": false,
    "count": 0,
    "updated": 1532594444
  },
  {
    "id": "fda841e7-aa7f-4014-907a-7f40db55bcd3",
    "data": [
      {
        "text": "My name is ",
        "userDefined": false
      },
      {
        "text": "Sam",
        "alias": "given-name",
        "meta": "@sys.given-name",
        "userDefined": false
      }
    ],
    "isTemplate": false,
    "count": 1,
    "updated": 1532577750
  },
  {
    "id": "85919319-d05e-40fd-86d0-88fb73e9968c",
    "data": [
      {
        "text": "My Name is ",
        "userDefined": false
      },
      {
        "text": "Ram",
        "alias": "given-name",
        "meta": "@sys.given-name",
        "userDefined": false
      }
    ],
    "isTemplate": false,
    "count": 0,
    "updated": 1532577750
  }
]