[
  {
    "id": "18cafbee-84e8-46ad-b54a-f92e6f3eae10",
    "data": [
      {
        "text": "he will join ",
        "userDefined": false
      },
      {
        "text": "on 1st of Jan",
        "alias": "start-date",
        "meta": "@sys.date",
        "userDefined": false
      }
    ],
    "isTemplate": false,
    "count": 0,
    "updated": 1532594678
  },
  {
    "id": "9f697409-9e16-469b-9d6e-d8a34a153cb7",
    "data": [
      {
        "text": "May be coming ",
        "userDefined": false
      },
      {
        "text": "monday",
        "alias": "start-date",
        "meta": "@sys.date",
        "userDefined": false
      }
    ],
    "isTemplate": false,
    "count": 0,
    "updated": 1532594678
  },
  {
    "id": "b1497afa-772f-473d-b1c2-1cfc56d1710f",
    "data": [
      {
        "text": "Tomorrow",
        "alias": "start-date",
        "meta": "@sys.date",
        "userDefined": false
      }
    ],
    "isTemplate": false,
    "count": 0,
    "updated": 1532594678
  },
  {
    "id": "a8fda6c1-487e-47df-aa65-b199f0e9ac4a",
    "data": [
      {
        "text": "She will start coming ",
        "userDefined": false
      },
      {
        "text": "friday",
        "alias": "start-date",
        "meta": "@sys.date",
        "userDefined": false
      }
    ],
    "isTemplate": false,
    "count": 0,
    "updated": 1532580644
  },
  {
    "id": "8c1f9944-c63f-44f3-98e5-2fb393670621",
    "data": [
      {
        "text": "He is joining ",
        "userDefined": false
      },
      {
        "text": "today",
        "alias": "start-date",
        "meta": "@sys.date",
        "userDefined": false
      }
    ],
    "isTemplate": false,
    "count": 0,
    "updated": 1532580644
  },
  {
    "id": "1dfdbcc9-4766-465b-bfd0-4cdf86b83145",
    "data": [
      {
        "text": "She is starting ",
        "userDefined": false
      },
      {
        "text": "Today",
        "alias": "start-date",
        "meta": "@sys.date",
        "userDefined": false
      }
    ],
    "isTemplate": false,
    "count": 0,
    "updated": 1532580644
  },
  {
    "id": "d506958f-8034-4d27-b844-ce7e1009c868",
    "data": [
      {
        "text": "He is starting ",
        "userDefined": false
      },
      {
        "text": "tomorrow",
        "alias": "start-date",
        "meta": "@sys.date",
        "userDefined": false
      }
    ],
    "isTemplate": false,
    "count": 0,
    "updated": 1532580644
  },
  {
    "id": "1084f351-33ce-4108-ae87-676e84249778",
    "data": [
      {
        "text": "His starting date is ",
        "userDefined": false
      },
      {
        "text": "20 Jun 2018",
        "alias": "start-date",
        "meta": "@sys.date",
        "userDefined": false
      }
    ],
    "isTemplate": false,
    "count": 0,
    "updated": 1532580644
  },
  {
    "id": "e6f64d9d-ab44-47d0-b10b-21a6e0572b97",
    "data": [
      {
        "text": "His starting date is ",
        "userDefined": false
      },
      {
        "text": "20/06/2018",
        "alias": "start-date",
        "meta": "@sys.date",
        "userDefined": false
      }
    ],
    "isTemplate": false,
    "count": 0,
    "updated": 1532580644
  }
]