[
  {
    "id": "8408862f-8aa4-411d-bd80-ec2dc9a8add3",
    "data": [
      {
        "text": "on board",
        "userDefined": false
      }
    ],
    "isTemplate": false,
    "count": 0,
    "updated": 1532661213
  },
  {
    "id": "13cf2a82-3c64-4c4f-a2d9-53f63513ef0b",
    "data": [
      {
        "text": "On boarding",
        "userDefined": false
      }
    ],
    "isTemplate": false,
    "count": 0,
    "updated": 1532574564
  },
  {
    "id": "7ca76339-52c5-4074-a6c2-657716a6c69e",
    "data": [
      {
        "text": "I want to on board a new user",
        "userDefined": false
      }
    ],
    "isTemplate": false,
    "count": 0,
    "updated": 1532574564
  }
]