[
  {
    "id": "5375bfde-9762-4426-98f9-7789273dae57",
    "data": [
      {
        "text": "I\u0027m  a new starter",
        "userDefined": false
      }
    ],
    "isTemplate": false,
    "count": 0,
    "updated": 1532662447
  },
  {
    "id": "e1e0b4e7-c596-4554-85f5-abbe1ce3b6db",
    "data": [
      {
        "text": "Today",
        "alias": "date",
        "meta": "@sys.date",
        "userDefined": false
      },
      {
        "text": " is my ",
        "userDefined": false
      },
      {
        "text": "First",
        "alias": "ordinal",
        "meta": "@sys.ordinal",
        "userDefined": false
      },
      {
        "text": " Day",
        "userDefined": false
      }
    ],
    "isTemplate": false,
    "count": 0,
    "updated": 1532661361
  },
  {
    "id": "214d00de-13a2-4c47-9ca0-e7f25742be77",
    "data": [
      {
        "text": "I\u0027m a new employee",
        "userDefined": false
      }
    ],
    "isTemplate": false,
    "count": 0,
    "updated": 1532661361
  }
]