[
  {
    "id": "6bc85644-4eb4-4dad-9cde-aa729889364e",
    "data": [
      {
        "text": "It ",
        "userDefined": false
      },
      {
        "text": "56789",
        "alias": "number",
        "meta": "@sys.number",
        "userDefined": false
      }
    ],
    "isTemplate": false,
    "count": 0,
    "updated": 1532662858
  },
  {
    "id": "148328b5-9302-42fa-b88a-92e726681f1e",
    "data": [
      {
        "text": "12345",
        "alias": "number",
        "meta": "@sys.number",
        "userDefined": false
      }
    ],
    "isTemplate": false,
    "count": 0,
    "updated": 1532662858
  }
]