[
  {
    "value": "Architect",
    "synonyms": [
      "Architect",
      "Solution Architect",
      "EA"
    ]
  },
  {
    "value": "Analyst",
    "synonyms": [
      "BA",
      "analyst",
      "Solution Analysit",
      "Business Analyst",
      "Analyst"
    ]
  },
  {
    "value": "Manager",
    "synonyms": [
      "Manager",
      "PM",
      "TPM",
      "Project Manager",
      "Senior Manager",
      "SPM",
      "GPM"
    ]
  },
  {
    "value": "HOD",
    "synonyms": [
      "HOD",
      "Head",
      "Department head",
      "Head of Department"
    ]
  }
]